model,n_params,log_lik,AIC,delta_AIC
M1: controls,7,-33433.184942777414,66880.36988555483,52.20119648522814
M2: + opening class,14,-33413.375804027644,66854.75160805529,26.582918985688593
M3: + class x domain,21,-33393.0843445348,66828.1686890696,0.0
