,Coef.,Std.Err.,z,P>|z|,[0.025,0.975]
Intercept,-0.22266928382441464,0.08105308194799636,-2.7472031719568566,0.006010588780370395,-0.3815304052784611,-0.06380816237036818
C(domain)[T.Electronics],0.3287924042665611,0.02171693750908376,15.139906542026647,8.833914758940505e-52,0.28622798889424994,0.37135681963887224
log_wc,0.5299877964140429,0.011593608207253173,45.71379219822806,0.0,0.5072647418769587,0.5527108509511272
overall,-0.38352098516126854,0.046015703786337424,-8.334567410770324,7.77820481901353e-17,-0.4737101073057533,-0.29333186301678377
star_sq,0.05283606772059219,0.0070707737210580325,7.4724591402546094,7.870981356599879e-14,0.038977605884486184,0.06669452955669819
log_exp,0.46760901748000305,0.03288024671407542,14.221578735290583,6.731695223355838e-46,0.4031649181176238,0.5320531168423823
alpha,1.0182500198756093,0.013975646593351614,72.85888442256427,0.0,0.9908582558919802,1.0456417838592382
