k,silhouette,davies_bouldin
3,0.14179739356040955,2.1714998735786426
4,0.10547906905412674,2.2173085742778698
5,0.10900954902172089,2.1650950219139866
6,0.11490077525377274,2.2785489564950914
7,0.1167905330657959,2.2707058381741207
8,0.11475573480129242,2.1278988922919
9,0.10586755722761154,2.1367667701957282
10,0.11028263717889786,2.0929162786353226
11,0.10585593432188034,2.087563662731051
12,0.1118585392832756,2.082935077100609
