k,silhouette,davies_bouldin
3,0.14179733395576477,2.1715002783542148
4,0.10547903925180435,2.2173087272826537
5,0.1090095117688179,2.165095189523151
6,0.11490074545145035,2.2785488490003254
7,0.11679051071405411,2.270705975165668
8,0.11475571244955063,2.127899190463393
9,0.10588975250720978,2.1364856937273475
10,0.11028259992599487,2.0929164794560484
11,0.10585591197013855,2.0875637291223637
12,0.11185850203037262,2.082935191093136
