k,mean_ari,std_ari
5,0.9793544201164527,0.014304999297394006
8,0.9875826968770128,0.006584101758517127
10,0.9787747999064659,0.009208345347500405
