k,mean_ari,std_ari
5,0.9793544201164527,0.014304999297394006
8,0.9875301436237134,0.006598580702793692
10,0.9610034851887794,0.03751654651857812
